author_id,name
1,Madison Hill
2,Richard Young
3,Jorge Fox
4,Heather Taylor
5,Calvin Flores
6,John Gray
7,William Berg
8,Stephen Bradley
9,Robin Zamora
10,Sarah Petty
11,Barry Mullins
12,Eric Thomas
13,Judith White
14,Matthew Griffin
15,Zachary Armstrong
16,Alexis Wells
17,Courtney Smith
18,Kimberly Mcintosh
19,Alexander Cooper
20,Judith Knight
21,Brenda Page
22,Jon Watson
23,Patrick Clark
24,Steven Smith
25,Michael Smith
26,Brianna Kim
27,Erica Young
28,Ashley Byrd
29,Shannon Hernandez
30,Paul Flynn
31,Erica Morrison
32,Frank Sims
33,Chase Smith
34,Cory Park
35,Keith Brown
36,Cameron Villegas
37,Michael Kane
38,Cynthia Carroll
39,Daniel Poole
40,Bob Tucker
41,Ryan Hendricks
42,Robin Gonzales
43,Johnathan Anderson
44,Kim Riley
45,Robert Chapman
46,David Watkins
47,Carrie Bolton
48,Jill Coffey
49,Megan Evans MD
50,Diana Walker
