book_id,title,author_id,category_id,isbn,total_copies,available_copies
1,Skill bad condition general,5,8,978-0-9753496-7-0,8,2
2,Be whether,48,2,978-0-506-21033-2,1,7
3,None issue for crime finally,2,10,978-1-354-41127-8,7,6
4,Reason region thank,25,10,978-1-65420-228-6,4,8
5,Ready west nation little,34,6,978-0-324-75591-6,10,5
6,Right I page bed seek,8,6,978-0-08-772295-8,6,4
7,Safe too front look,31,6,978-0-339-18610-1,7,3
8,Model team view card crime,1,5,978-0-9659331-7-9,4,1
9,Color option detail,1,7,978-0-89530-720-0,6,2
10,Help move may safe rock,29,4,978-1-277-03474-5,7,10
11,Pattern suffer factor improve,9,10,978-0-541-92387-7,9,6
12,Computer listen coach even assume,37,1,978-1-4393-7340-8,7,10
13,Through word subject instead,40,3,978-0-393-95282-7,8,10
14,Able statement suggest budget,16,6,978-0-243-52467-9,2,7
15,Character behind,3,3,978-1-181-52041-9,1,2
16,Call relationship pull note,22,5,978-1-102-65477-3,4,6
17,Particular find,19,9,978-1-56935-038-6,1,1
18,Follow by assume network,23,10,978-1-74860-115-5,2,10
19,Measure pretty late rest,30,9,978-0-19-173456-4,8,8
20,Baby mention west gun,16,5,978-1-4247-3655-3,8,3
21,Important out like,29,5,978-1-876454-03-6,10,6
22,Charge theory behavior southern drop,10,1,978-1-875985-81-4,10,1
23,Remember speech decade create require,6,4,978-0-09-382013-6,1,7
24,Us born debate,29,5,978-1-73165-530-1,3,6
25,Establish month decade break ability,21,7,978-0-368-41394-0,5,4
26,Site three scene,41,7,978-1-68587-567-1,2,2
27,Process town represent such rich,42,2,978-0-340-52817-4,6,7
28,Only bag hit,24,8,978-1-82406-864-3,10,9
29,Member base,23,7,978-0-04-041886-7,7,10
30,Marriage daughter situation hard shoulder,14,8,978-1-85000-480-6,3,1
31,List series town marriage born,28,1,978-1-62051-728-4,5,4
32,Benefit than,4,4,978-0-414-62693-5,1,8
33,Lose news attention line discussion,7,5,978-1-70396-635-0,8,1
34,Own step benefit difficult by,42,7,978-0-424-53128-1,3,1
35,Rich similar,20,4,978-1-06-672282-2,7,6
36,Concern peace,39,5,978-1-58955-242-5,9,2
37,Enough song,4,6,978-1-4880-1448-2,6,4
38,Because last could nor,49,2,978-0-576-20183-4,5,9
39,Treat north role commercial,11,3,978-1-83304-764-6,7,7
40,May daughter,50,5,978-1-04-852620-2,9,4
41,Relate door minute military,21,2,978-0-436-48811-5,7,8
42,High central until,27,5,978-0-320-11047-4,2,3
43,Body respond call,26,9,978-0-11-695486-2,3,5
44,Try remember child expect,25,2,978-1-07-107979-9,6,6
45,Hard upon,44,2,978-0-626-78142-2,2,3
46,Car concern brother,9,2,978-0-913114-59-9,2,7
47,Can west collection,23,5,978-1-08-574963-3,4,3
48,Collection standard issue,11,9,978-1-146-45354-7,6,10
49,Resource discover itself than,19,4,978-0-359-70189-6,1,4
50,Play say executive,49,4,978-1-188-00884-2,1,4
51,Little yourself note,45,6,978-0-7641-8425-3,3,10
52,Son consider necessary,11,4,978-0-590-01968-2,2,10
53,Car increase able,22,8,978-0-85147-908-8,7,4
54,Make food must,33,7,978-1-05-891138-8,9,8
55,Write professor guy total,31,8,978-1-61702-533-4,5,3
56,Morning pressure with,33,7,978-1-4662-8439-5,6,3
57,Choice issue win,39,6,978-1-03-588953-2,2,1
58,Heavy fact open,42,4,978-0-87301-729-9,2,3
59,Fact light let street next,49,9,978-1-74116-971-3,9,6
60,Alone our check leave,16,6,978-1-70959-789-3,3,6
61,Hospital sign evidence bill involve,23,3,978-0-01-849609-5,8,7
62,Statement third,33,3,978-0-7947-3225-7,5,10
63,Explain thing blood,36,7,978-1-06-856450-5,8,9
64,Health offer could bit edge,2,8,978-1-887794-13-8,9,4
65,Over week charge huge prevent,21,3,978-0-88613-753-3,10,2
66,Adult food,29,4,978-1-69958-169-8,9,2
67,Whether center production,28,2,978-0-02-197713-0,9,3
68,Sea staff history,13,7,978-0-251-43751-0,9,9
69,Nice politics well,37,10,978-0-86316-391-3,3,9
70,Act page,34,4,978-0-646-41117-0,3,7
71,Modern the public,42,3,978-1-901322-71-2,6,2
72,Middle church player,20,8,978-0-669-86492-2,3,10
73,Low still to,23,7,978-1-351-19643-7,1,5
74,Able painting base career,23,10,978-0-87560-732-0,7,7
75,Story government true something,9,9,978-0-681-29492-9,5,6
76,How listen team across,8,7,978-0-699-43347-1,10,1
77,Music leave fall,32,4,978-0-632-25918-2,9,6
78,Debate red in usually medical,24,7,978-0-646-66923-6,3,3
79,Region line seat,14,1,978-1-58061-108-4,2,1
80,Always necessary,44,2,978-0-362-12821-5,6,5
81,Name meeting question month,45,1,978-0-572-76565-1,3,2
82,Third meeting west,8,10,978-1-4579-2633-4,1,6
83,Approach would very piece,19,4,978-0-7868-0488-7,1,4
84,Idea movie film,20,5,978-0-602-97197-7,2,7
85,Name car even hear address,6,5,978-0-355-95630-6,7,10
86,Defense fish east PM,39,9,978-0-7207-6478-9,9,10
87,Only this whether,42,7,978-1-951925-04-8,1,10
88,Plan not too win space,11,2,978-0-88432-810-0,8,10
89,Eat understand,41,3,978-1-289-53036-5,3,6
90,New there,35,4,978-0-16-134683-4,6,9
91,Rule next mouth I because,41,4,978-1-124-03441-6,2,5
92,Visit walk dark,43,5,978-1-920718-57-2,6,0
93,Spend certain win street case,44,7,978-1-377-15572-2,1,2
94,Upon adult,41,6,978-1-60758-242-7,3,7
95,Door environment to why,37,10,978-1-01-484381-4,4,8
96,Run yourself,9,8,978-0-300-50559-7,3,5
97,Four can if research,24,10,978-0-506-86640-9,5,7
98,Claim story last need,9,1,978-1-4503-1944-7,2,2
99,Skill coach,17,6,978-1-212-87007-0,9,8
100,Product yeah future such,46,7,978-0-00-039021-9,5,2
101,However look catch size,33,8,978-0-312-50004-7,5,3
102,A successful parent particular,41,4,978-1-78758-041-1,2,3
103,Central company home,31,4,978-1-68487-091-2,3,5
104,Pick data Mrs himself,9,10,978-1-08-902149-0,10,3
105,Door goal accept response want,28,6,978-0-7671-0522-4,10,5
106,Fish list ability those night,42,9,978-0-599-80706-8,6,0
107,Attack watch executive,36,3,978-0-433-55490-5,6,1
108,Stay tree least,36,1,978-0-13-037963-4,9,7
109,View care key southern,22,5,978-0-03-188009-3,6,0
110,Team radio training answer,39,8,978-1-04-468676-4,8,0
111,Whole similar,45,1,978-0-553-60538-9,5,7
112,Marriage than nature then happen,15,6,978-1-916107-77-9,5,2
113,Sport serve them,1,2,978-0-02-871850-7,6,2
114,Compare theory trip prevent attorney,50,9,978-0-312-08880-4,3,10
115,Fund positive management hope,38,10,978-1-326-38422-7,2,0
116,Work simply now sometimes,43,8,978-0-7516-8630-2,4,8
117,Detail popular product,14,7,978-0-7909-4423-4,7,10
118,Affect control country,3,2,978-0-234-38699-6,5,2
119,From hope,37,7,978-1-81625-719-2,8,7
120,Realize left he those,17,10,978-1-947240-89-6,1,0
121,Add red authority life policy,27,3,978-1-344-27981-9,7,4
122,Expect sit TV,34,2,978-1-71438-600-0,3,10
123,Plant according forget west,48,1,978-0-938007-13-5,8,7
124,Form statement leader,23,10,978-0-9770301-8-7,2,6
125,Agreement others,26,6,978-0-9655383-4-3,10,2
126,Son blue,7,2,978-1-352-52525-0,10,6
127,Ahead culture education memory coach,17,2,978-0-05-920679-0,1,1
128,Attack list realize general present,18,4,978-0-695-47741-7,2,0
129,Alone compare guess specific,42,9,978-1-916870-97-0,10,7
130,Line art center cold,3,6,978-1-61593-885-8,4,3
131,Wonder high start enough finish,24,3,978-1-4531-7188-2,10,3
132,Message economy still,13,3,978-1-108-89408-1,7,4
133,Act executive we space,32,6,978-0-400-71700-5,5,4
134,Until especially worry important magazine,45,4,978-1-82750-019-5,6,7
135,Because how door,18,9,978-0-7631-4638-2,6,6
136,Often list bag have,11,7,978-0-444-76927-5,6,5
137,Room right people,14,9,978-0-424-37593-9,8,9
138,Activity perhaps participant,42,8,978-1-71883-078-3,8,2
139,Bag network maybe all,18,6,978-0-358-02579-5,5,10
140,Star build computer house concern,1,6,978-1-4580-3821-0,9,2
141,Now policy data clear,42,10,978-0-304-64182-6,4,10
142,Our current answer kitchen people,1,8,978-0-06-620314-0,6,8
143,Yourself ahead film,26,6,978-0-656-92649-7,1,9
144,Reason civil,18,6,978-1-66090-118-0,4,8
145,Hundred who lay,49,1,978-1-161-93098-6,3,8
146,Week Congress become lot,8,3,978-1-65112-382-9,3,10
147,Of phone determine,40,5,978-0-638-14847-3,8,8
148,Wall available party,21,6,978-1-4847-0715-9,10,2
149,Way audience throughout,7,5,978-1-84876-043-1,9,1
150,Nature budget west theory form,26,8,978-0-330-05678-6,7,8
151,Remain simple fly conference,17,5,978-1-58637-515-7,9,3
152,And election poor,18,2,978-0-11-038787-1,9,10
153,Them form new western involve,30,10,978-0-525-85567-5,9,9
154,History collection outside collection,18,8,978-0-383-88475-6,8,0
155,List kind its bag,38,2,978-0-382-64749-9,3,2
156,Word how under spring amount,38,9,978-0-538-95118-0,4,1
157,Type water sell mind,38,2,978-1-56432-466-5,2,3
158,Position play security hair,1,7,978-0-359-32652-5,3,5
159,No case plant,47,6,978-1-05-106768-6,7,0
160,Together beat fly,28,9,978-0-7325-8787-1,6,4
161,Without agree likely gun,3,8,978-1-105-10849-5,3,0
162,Figure itself clear,12,7,978-1-379-57246-6,4,9
163,Rest hour kitchen however establish,37,8,978-0-9985564-7-5,2,10
164,Open moment,6,8,978-0-7765-1581-6,3,5
165,Voice for,15,1,978-0-244-86926-7,3,8
166,Everyone none,38,7,978-0-370-52999-8,3,5
167,Know miss administration,37,3,978-1-55009-803-7,7,6
168,Mission today southern,48,5,978-1-76444-237-4,5,0
169,Like also church,15,6,978-0-327-80159-7,3,1
170,Hour carry wish fall,32,3,978-0-203-56770-8,5,8
171,Source image,37,3,978-1-09-079282-2,9,1
172,Social rate government,45,6,978-0-11-375280-5,2,5
173,Identify term nothing,41,6,978-0-14-605124-1,9,3
174,Write class throw,41,3,978-1-187-26892-6,10,5
175,Official discussion need,18,8,978-1-322-87165-3,9,4
176,Standard watch,48,6,978-1-56001-889-6,9,10
177,Since sure,46,9,978-0-629-86276-0,5,5
178,Themselves decade agree entire,22,10,978-0-673-88790-0,8,5
179,Career affect activity mention,15,8,978-0-432-61332-0,5,4
180,Defense stuff kid window,13,2,978-1-78450-713-8,8,1
181,Him television,31,1,978-0-8070-1540-7,3,7
182,Year anyone,49,2,978-0-906914-84-7,3,3
183,Detail mention production,12,2,978-0-237-07820-1,1,1
184,Eight box someone,45,2,978-1-152-72701-4,6,4
185,Glass every lot college,1,6,978-1-256-51255-4,5,8
186,Leave herself team,45,5,978-0-371-87616-9,2,5
187,Mouth production federal,33,8,978-1-79539-912-8,2,7
188,Job surface stand future,46,1,978-1-60799-618-7,6,3
189,Discussion hundred one run,9,10,978-0-01-859672-6,4,6
190,Begin owner color,8,4,978-1-874878-80-3,1,8
191,Help field new,36,8,978-1-911007-07-4,6,2
192,Republican avoid,36,8,978-1-157-49342-6,5,4
193,Many matter attention purpose from,35,5,978-1-233-55681-6,9,1
194,My fear from while moment,11,1,978-1-71115-255-4,5,5
195,Never enough work home,12,6,978-0-16-856119-3,9,10
196,Catch she effect,7,6,978-0-939760-66-4,10,4
197,Cup worker school,10,1,978-1-55488-137-6,3,8
198,Business task,5,9,978-1-990986-43-7,9,1
199,New party home picture its,23,2,978-0-419-17480-6,4,0
200,Across week language,49,8,978-0-9818635-5-9,7,7
201,Entire arrive or officer,36,6,978-1-4074-1008-1,9,4
202,Score gas traditional image camera,20,2,978-0-19-873124-5,2,8
203,Kid report,6,1,978-1-60756-121-7,2,6
204,Note these ago car,12,8,978-1-82766-207-7,4,8
205,Result yet win another,20,1,978-1-251-62992-9,1,3
206,Worry run happy concern,7,8,978-1-941145-44-9,7,7
207,Cup one,38,9,978-0-7777-8228-6,2,4
208,Also enjoy season,34,9,978-0-672-07966-5,9,6
209,Stop education participant guy,49,7,978-1-5331-6052-2,8,1
210,Education should prevent add child,3,1,978-0-594-70764-6,6,6
211,Alone evidence test bar,25,9,978-0-205-24700-4,8,3
212,Answer decade method collection,32,7,978-0-542-61043-1,4,9
213,Modern shoulder these,45,8,978-1-317-68523-4,3,7
214,Government nothing body finish,21,5,978-1-250-70276-0,7,6
215,It against expert learn,35,4,978-0-04-613518-8,8,3
216,At hear road,33,7,978-0-608-00241-5,6,4
217,Plan above attorney,33,3,978-1-878960-95-5,7,1
218,Interview even once,45,5,978-1-152-89159-3,10,0
219,Agreement history,25,5,978-1-02-306549-8,3,0
220,Boy best rather above,10,10,978-0-456-01170-6,7,8
221,Feel scientist here return,33,8,978-0-7235-0215-9,6,7
222,Party with region image political,48,1,978-0-9518133-6-2,2,0
223,Today pressure,4,1,978-1-71856-084-0,7,7
224,Rest fire several study lawyer,49,8,978-1-4161-4656-8,6,0
225,Night store add stuff,39,9,978-1-04-426742-0,8,2
226,Field medical dog official,18,10,978-0-9710434-9-7,7,5
227,Life so early present,5,7,978-0-338-26962-1,7,5
228,Effort account turn candidate,20,9,978-0-529-39443-9,8,0
229,Hand guy TV beyond somebody,13,10,978-1-5221-7349-6,8,9
230,Condition well,48,9,978-0-7632-0379-5,8,6
231,Public quality central early recognize,25,5,978-0-07-271889-8,8,6
232,Soldier book,35,6,978-1-83415-366-7,6,2
233,Raise land wide police,44,3,978-1-06-459550-3,2,5
234,Outside likely movement individual,22,1,978-1-367-14528-3,3,0
235,Structure age coach event,23,4,978-1-72536-751-7,6,6
236,Where report present fight,9,5,978-0-8112-2116-0,10,2
237,Safe per,15,3,978-1-79779-947-6,6,2
238,Sure after grow man operation,28,2,978-1-83209-375-0,1,1
239,Anyone cold democratic low ability,9,6,978-1-275-32071-0,9,0
240,Else include stop,46,8,978-1-955293-81-5,3,6
241,Budget democratic level peace,50,8,978-0-01-604556-1,5,5
242,Mouth realize discover brother,4,7,978-0-9878104-0-3,2,5
243,Her many tell,34,10,978-0-575-76662-4,8,7
244,Now son cold list always,29,3,978-0-351-67243-9,2,8
245,Lawyer around,5,5,978-0-7092-3965-9,9,6
246,Family soon,40,7,978-0-537-36231-4,7,7
247,Maybe every,27,8,978-1-01-396610-1,6,9
248,Same car foot east,25,2,978-0-385-01606-3,1,5
249,Town name energy make response,3,6,978-0-632-60065-6,2,5
250,Computer provide,44,2,978-0-635-00618-9,9,4
251,Data them hope if baby,9,4,978-0-445-64555-4,10,3
252,Year her,7,3,978-0-7816-6474-5,9,7
253,Not though remain,48,6,978-1-397-68846-0,7,10
254,Society reason health save,46,8,978-0-89914-875-5,4,2
255,New particular civil,13,8,978-1-08-084017-5,5,7
256,Still enter significant choice,47,8,978-1-66322-205-3,1,3
257,Two physical course institution,15,4,978-1-69139-567-5,9,2
258,Meeting gun medical,30,7,978-1-60204-388-6,2,5
259,Contain just drug carry,49,1,978-0-12-771085-3,5,2
260,Statement draw write,48,4,978-1-80272-856-9,3,3
261,Policy everyone enjoy piece,9,3,978-0-471-57086-8,7,6
262,Cut idea memory,30,10,978-0-221-03342-1,1,6
263,Next task officer send,25,5,978-0-7994-6729-1,8,7
264,Have hear nearly care,5,9,978-1-71734-236-2,7,0
265,Rise prepare successful walk,8,3,978-1-110-94204-6,2,5
266,Particularly position break,11,3,978-0-18-935377-7,5,7
267,Turn result,49,5,978-1-368-93778-8,2,9
268,Where stock any actually court,10,8,978-1-06-158513-2,6,1
269,Baby discover speech consider,3,10,978-1-259-24342-4,2,9
270,Quite this small paper,34,3,978-0-543-82294-9,6,8
271,International old news,45,1,978-0-476-43455-4,6,3
272,Us during wonder wind,4,2,978-1-77093-707-9,9,1
273,Real sort artist miss operation,1,6,978-1-56783-452-9,1,2
274,Size girl environmental expect both,11,1,978-0-7692-4138-8,7,5
275,Begin one degree,48,3,978-1-384-92441-0,9,10
276,Political including they,21,1,978-1-70846-871-2,2,3
277,Control officer letter end hospital,27,3,978-0-85966-213-0,1,8
278,Movie owner,20,10,978-1-927407-76-9,1,6
279,Pass party wind,15,1,978-0-06-009635-9,8,8
280,Buy quality everybody,6,10,978-0-495-77687-1,10,1
281,Have blood year unit,19,3,978-0-672-40431-3,1,2
282,Piece any,20,9,978-1-939790-86-6,4,6
283,White long suggest,17,5,978-1-891415-24-1,5,0
284,Represent fire third safe,30,9,978-1-892639-60-8,5,9
285,Base ask step lot,15,10,978-1-86276-544-3,4,7
286,Affect research large,37,8,978-0-00-616758-7,3,7
287,Bag exactly wide,36,8,978-1-935083-08-5,2,5
288,Environment go act mouth,22,5,978-0-944904-39-8,10,5
289,Lead much better between,9,2,978-0-7740-0772-6,4,4
290,No thousand law process,25,8,978-1-80049-735-1,4,6
291,Land today doctor travel name,38,7,978-1-998145-14-0,6,4
292,Him although structure,27,2,978-0-87865-479-6,8,4
293,High which article,47,4,978-1-285-61326-0,2,0
294,Behavior half perform scene,15,6,978-0-949995-19-3,6,3
295,Measure bed experience,29,6,978-0-7767-5852-7,6,6
296,Bad western,3,6,978-0-949787-21-7,3,0
297,Wish increase light,9,2,978-1-335-35792-2,7,10
298,Successful week assume item,25,3,978-1-964013-19-0,5,9
299,Sense manager force,29,6,978-0-7533-1958-1,7,8
300,Republican big it,45,1,978-1-77819-891-5,2,9
301,Include available million hear,34,8,978-1-61280-581-8,9,9
302,Spend bring argue minute,13,9,978-0-277-06119-5,6,8
303,Important anything anyone that,49,7,978-0-11-432055-3,8,1
304,Already machine day,42,4,978-1-367-84195-6,1,2
305,Control central bar generation,31,2,978-0-508-64661-0,4,0
306,Red because realize maybe,40,9,978-0-10-718550-3,8,7
307,Whether floor last occur,45,2,978-0-213-33575-5,4,0
308,White hit culture four,46,6,978-0-259-17983-2,8,5
309,Tend dinner nor this even,44,5,978-0-10-472258-9,1,1
310,Single change yet,10,2,978-0-218-20312-7,6,9
311,The would student,45,9,978-1-66703-594-9,8,0
312,Service view consider,28,1,978-1-174-16214-5,5,3
313,Agree camera modern picture,8,9,978-1-399-34288-9,1,1
314,Nothing majority tonight,20,5,978-0-7963-9056-1,1,0
315,Father word music section,43,9,978-1-216-67724-8,5,7
316,Last this,43,5,978-1-177-51811-6,9,3
317,Clear place billion investment option,4,1,978-0-501-14507-3,10,2
318,Congress matter,46,10,978-0-9504701-0-8,9,9
319,Former civil own,26,1,978-0-393-25824-0,6,1
320,Why compare wrong attention report,11,7,978-0-16-930153-8,10,7
321,Finally century bad chair,32,2,978-0-294-35022-7,3,2
322,Represent third sound,29,1,978-1-74779-398-1,10,5
323,Financial hard article,40,5,978-1-56189-215-0,8,9
324,Difference bank me,18,1,978-1-4986-8845-1,10,1
325,Growth as,20,5,978-0-322-00151-0,2,0
326,Five cause form speech,37,3,978-1-59941-721-9,5,10
327,No central same,44,8,978-0-215-13480-6,2,7
328,Structure blood sister sometimes,25,10,978-0-05-718121-1,7,7
329,Skill amount measure,21,1,978-1-55862-565-5,9,2
330,Also history wish,34,10,978-0-540-32924-3,1,9
331,Side explain,16,7,978-0-9901056-8-8,1,9
332,Development building new,18,8,978-1-61510-994-4,3,3
333,Price during of,36,7,978-1-392-47092-3,8,8
334,Small history nature man show,28,4,978-0-04-570158-2,4,6
335,Long rich western rule,37,4,978-0-272-97670-8,2,0
336,Group reflect,49,5,978-1-77545-993-4,8,0
337,Situation ask environment,8,2,978-0-388-50552-6,6,9
338,Nice clear claim huge military,42,6,978-0-478-37160-4,7,6
339,To herself often plant institution,3,8,978-1-206-84274-8,6,10
340,Skin particularly blood,16,5,978-1-01-550342-7,7,0
341,Lay big maybe step Mrs,46,9,978-1-04-381701-5,3,4
342,Take sort turn government else,42,1,978-0-286-46454-3,5,0
343,Involve bank think,8,6,978-0-423-28423-2,7,0
344,Of sure win we public,33,4,978-0-555-58740-9,4,3
345,View support least,10,4,978-1-263-42883-1,1,1
346,True draw word beyond,49,10,978-0-08-188954-1,4,7
347,Middle door choice style could,45,7,978-1-84536-247-8,6,6
348,Four individual behind,9,5,978-1-65000-259-0,2,0
349,Follow success country card management,48,2,978-0-220-07280-3,6,10
350,Of marriage truth,1,6,978-1-384-06206-8,6,9
351,Side various spend,48,5,978-1-06-594333-4,9,3
352,Term maintain under,18,10,978-0-8055-3712-3,7,6
353,Other nothing college,19,9,978-0-929228-26-6,6,0
354,Arrive forget through foreign,35,1,978-0-605-56931-7,7,6
355,Crime there education,48,8,978-0-402-15837-0,4,6
356,Call best,47,10,978-1-342-08475-0,6,0
357,Ok sort worker,16,1,978-0-570-06399-5,4,7
358,Pull form truth stage,12,7,978-1-258-58757-4,2,1
359,Color adult,48,10,978-1-71456-281-7,6,2
360,Whether price high,40,2,978-0-513-72576-8,3,3
361,Finally base happen treatment kitchen,9,1,978-1-374-71444-1,4,3
362,Reduce rate,41,5,978-0-10-207905-0,9,3
363,Senior ever,43,8,978-0-314-47063-8,6,5
364,Pm green play,46,4,978-1-60929-485-4,10,7
365,We risk office life,26,5,978-1-77214-641-7,10,4
366,Still follow participant perform,14,7,978-0-532-32448-5,3,2
367,Seat adult different,7,10,978-0-11-103759-1,3,0
368,Speak charge,43,2,978-0-578-22185-4,5,0
369,Better between stay,23,2,978-0-16-073854-8,10,8
370,Great open but,12,6,978-1-84520-571-3,9,5
371,Responsibility of federal professional,17,10,978-1-312-30504-5,4,4
372,Method hour recognize,36,3,978-0-915788-32-3,7,3
373,Occur enough we answer head,43,2,978-0-216-61091-0,8,3
374,Long work national,4,9,978-0-381-77002-0,4,7
375,Focus mean truth arm middle,10,5,978-1-70746-317-6,9,10
376,Stock interesting watch better their,8,5,978-0-377-68213-9,4,7
377,Nor value,7,3,978-0-678-98132-0,8,9
378,Than worker who allow,28,6,978-1-5486-1998-5,5,8
379,Eat become easy,1,8,978-0-615-53832-7,2,0
380,Than moment though,4,3,978-0-8328-7498-7,9,8
381,National only,44,9,978-0-01-130097-9,1,8
382,Unit night own whole,24,5,978-1-918305-98-2,6,0
383,Statement newspaper carry,25,1,978-0-9820446-0-5,3,9
384,Firm month hit on,33,6,978-1-190-21108-7,4,2
385,Officer rate,40,8,978-0-205-54889-7,6,1
386,Need call word,43,3,978-1-883620-27-1,5,7
387,School concern man,46,2,978-1-264-48454-6,1,6
388,Page eat create building,50,4,978-1-5320-2887-8,1,6
389,Just produce really country lose,49,9,978-0-435-14409-8,3,7
390,Financial as respond company,50,7,978-0-407-28470-8,5,8
391,Avoid drive,31,6,978-1-70424-788-5,7,4
392,Near thank reflect according,5,1,978-0-647-31861-4,6,7
393,Fast about,5,10,978-1-217-00013-7,1,10
394,American enter which institution,35,4,978-0-9751712-5-7,10,4
395,Investment key never,12,6,978-0-668-03973-4,7,3
396,While car specific,20,4,978-1-384-28856-7,5,8
397,Range six level rate commercial,18,9,978-0-572-15483-7,10,5
398,Produce down standard,26,7,978-0-565-21436-4,7,10
399,Plant rate agreement,49,10,978-1-227-80018-5,1,8
400,What position company audience,20,8,978-1-259-82651-1,7,5
401,Among nature,11,2,978-0-542-16785-0,1,4
402,Happy since music,29,6,978-0-7614-6756-4,6,5
403,Imagine front,12,4,978-1-354-56986-3,8,6
404,This machine tend yeah board,33,1,978-0-203-73550-3,7,3
405,Move option view,12,2,978-0-8011-0656-9,2,2
406,Guy near law,47,6,978-0-9791310-2-8,2,1
407,Phone movie citizen in,28,3,978-0-18-476569-8,1,10
408,Develop thought behavior during,14,10,978-1-127-07200-2,8,0
409,Face north bank,7,6,978-1-254-66287-9,3,5
410,Section pick reduce,6,10,978-1-243-83089-0,1,3
411,Quality southern trial next rate,13,5,978-1-884839-95-5,1,6
412,Most staff mean bed program,2,7,978-1-77167-719-6,1,7
413,Class nearly south,15,5,978-1-68883-276-3,5,7
414,Region nation,3,6,978-1-196-75416-8,1,9
415,Scene join,16,6,978-0-09-650294-7,6,2
416,Various investment kind,13,1,978-1-70882-663-5,3,8
417,Cause western couple him,38,3,978-0-381-77220-8,4,2
418,Pattern upon anyone final federal,5,2,978-1-353-88830-9,8,3
419,To wife everyone,49,2,978-0-550-07511-6,2,6
420,Allow let young allow,37,9,978-0-03-127137-2,10,5
421,Perhaps its no,5,4,978-1-61650-882-1,10,5
422,Sense issue,25,7,978-0-676-63897-4,9,4
423,Morning miss,45,9,978-0-559-04706-0,8,0
424,Ground impact five skill,7,8,978-1-4889-9551-4,2,4
425,Firm part,6,5,978-0-7201-9459-3,4,10
426,Happen data,31,5,978-1-4926-2504-9,5,9
427,Staff state business,13,7,978-1-00-895813-5,4,6
428,Evidence give former,28,3,978-0-397-79400-3,3,3
429,Cultural what while,24,1,978-1-5433-8669-1,3,9
430,Study question indeed,23,10,978-0-381-47810-0,4,2
431,Man guess administration fine,17,8,978-0-07-363308-4,2,5
432,News single,43,2,978-0-545-78350-7,1,6
433,Himself degree industry child another,44,7,978-0-479-50266-3,2,4
434,Wonder expert woman son,10,4,978-0-235-29239-5,8,3
435,Give shake,26,6,978-1-109-09681-1,2,4
436,Local mother increase,48,8,978-1-252-59544-5,2,6
437,And couple conference among,38,5,978-0-308-19845-6,8,5
438,Eight of,6,6,978-1-81396-433-8,7,8
439,Anything will thus,25,5,978-0-569-02772-4,1,10
440,Successful figure establish film dinner,47,3,978-0-8028-6048-4,5,5
441,Guy a name,32,6,978-0-451-58801-2,1,10
442,Remember training national,48,9,978-1-4224-3665-3,10,3
443,Two analysis whatever watch,2,2,978-0-7475-8404-9,6,4
444,Fly plan inside subject quality,38,7,978-1-62171-659-4,9,6
445,Character increase staff,44,4,978-1-296-51115-9,7,8
446,Exactly money own fund,37,2,978-0-04-676741-9,3,0
447,Ever board exactly,45,2,978-1-909258-55-6,1,7
448,Blue live green role,24,8,978-0-681-73702-0,1,0
449,Live treatment building change,16,5,978-0-621-41123-2,10,0
450,Chair money,16,3,978-0-243-61545-2,3,3
451,Opportunity condition,43,3,978-1-127-44125-9,8,10
452,Work do matter must,3,10,978-1-366-69457-7,7,5
453,Probably east single watch,25,9,978-1-69788-917-8,4,7
454,Financial attorney hold whatever,30,7,978-0-7817-2332-9,5,5
455,Easy test,44,8,978-0-18-773384-7,2,8
456,Recently character their relationship,20,6,978-1-191-56980-4,1,3
457,Specific film system,42,3,978-0-939044-12-2,2,4
458,Game summer past trade,40,4,978-0-08-655551-9,6,9
459,Recently personal but either,22,7,978-0-222-44792-0,3,5
460,Commercial upon people board,41,9,978-0-440-85675-7,5,1
461,Avoid one,2,9,978-0-7487-9266-5,9,1
462,Mrs process continue,38,2,978-1-56870-330-5,9,6
463,Country push customer enough,36,5,978-0-07-909010-2,8,7
464,Forget provide such name,50,2,978-1-395-26773-5,1,9
465,Coach now lawyer meet,48,10,978-1-389-94552-6,2,0
466,Federal rate,7,5,978-0-270-62029-0,6,4
467,City stage want,41,5,978-1-125-80132-1,2,8
468,Also man someone sing,47,5,978-0-690-81749-2,9,7
469,The skill give,21,3,978-1-289-84064-8,3,1
470,Myself religious,6,8,978-1-84885-292-1,6,7
471,Debate listen consumer in,32,6,978-0-434-92082-2,5,10
472,Boy compare,41,7,978-1-56648-435-0,3,0
473,We soldier establish,8,10,978-1-09-340100-4,1,9
474,What technology second meet land,2,5,978-1-5071-7942-0,7,1
475,Than senior argue such increase,12,9,978-1-172-20268-3,2,6
476,Me his,26,9,978-1-188-61604-7,2,9
477,Meet along drive,15,2,978-1-84650-053-4,2,2
478,Right law it should scientist,9,3,978-1-66300-786-5,9,9
479,Read Congress star door,23,7,978-0-7729-9357-1,7,4
480,Wear get consumer try,7,10,978-0-330-68450-7,7,10
481,Fly ready could moment,15,9,978-0-235-26844-4,5,1
482,Consider often second site information,22,9,978-0-01-836956-6,2,2
483,Result participant,9,7,978-0-277-67367-1,3,4
484,Sport common in half,17,9,978-1-4852-2332-0,6,4
485,Fish manager middle,50,3,978-0-398-72957-8,3,5
486,Store politics and,28,4,978-1-323-39812-8,5,4
487,View situation help,3,6,978-0-921855-32-3,5,0
488,Campaign eight fish yourself,37,8,978-0-662-22735-9,4,1
489,All five government arm,46,6,978-0-01-215533-2,8,9
490,Country free program occur,24,2,978-0-626-32364-6,9,3
491,Society provide,19,4,978-1-181-71237-1,2,4
492,Just size people,18,4,978-1-66731-587-4,8,8
493,Our stuff professional everybody at,9,4,978-1-56029-326-2,10,8
494,Among conference,48,6,978-0-9624198-2-9,6,9
495,Live police do,19,4,978-1-139-55331-5,9,6
496,Plant mother bring,50,9,978-0-392-85512-9,5,0
497,Open five nature,47,8,978-0-416-37408-7,8,7
498,Seven item time officer concern,8,10,978-1-76790-643-9,6,10
499,Gun security two single box,34,9,978-0-232-72780-7,3,2
500,Design how else control you,44,10,978-1-69445-000-5,2,0
