member_id,name,email,phone,join_date
1,Monica Yang,gward@hotmail.com,6679661815,2025-08-01
2,William Khan,brettbrown@brady.com,588.314.5361,2025-03-22
3,Kimberly Weber,hansonkyle@gmail.com,001-639-448-3537x11991,2023-11-11
4,Mrs. Dawn Potter,david22@rojas.com,001-977-666-6226x3514,2024-07-17
5,Bethany Walsh,jonathan33@curtis-vincent.biz,+1-443-731-0237x619,2025-04-13
6,Thomas Aguilar,frankmcgee@jenkins-foster.com,7580387787,2025-02-11
7,Mary Hood,hannah63@dillon.com,874.865.4169x25012,2024-10-24
8,Kelly Carter,judith97@vance-schroeder.com,014.866.4882,2025-03-28
9,Janet Gonzalez,anthonysavage@jenkins.com,905-107-6237x65952,2024-03-28
10,Joshua Macdonald,williamsjoseph@hotmail.com,001-444-587-8558x929,2023-11-22
11,Nicole Nelson,jessica02@yahoo.com,001-853-812-4876x2574,2023-09-07
12,Emily Stevenson,banksheather@fitzgerald.com,967.537.5617x628,2023-09-26
13,Robert Wolf,melissasmith@hotmail.com,863.708.6171x86912,2024-07-27
14,Cynthia Cox,charlesellis@jones.com,575.352.6212,2025-03-06
15,Mason Travis,nelsonlindsey@gmail.com,+1-925-833-9587x58571,2023-10-28
16,Carmen Rice,luis74@hotmail.com,374-584-7199,2024-07-04
17,Dawn Walker,mreyes@odom.info,001-357-811-9847x7896,2024-11-03
18,Natalie Jacobs,chelseamartin@yahoo.com,714-083-1320,2023-09-02
19,Nicholas Richardson,fcortez@hotmail.com,+1-555-803-5493x91968,2025-02-05
20,Sean Rice,rosematthew@yahoo.com,+1-162-874-9291x856,2025-07-03
21,Erica Flores,lindseylatoya@yahoo.com,001-976-508-4968x9751,2024-04-06
22,Mia Deleon,deannasingh@nixon-miranda.com,993.487.3340,2025-02-14
23,Jessica Reese,jpatel@hotmail.com,001-174-832-2943x690,2025-07-22
24,Anthony Smith,waltonjennifer@yahoo.com,453-718-1783x499,2024-03-01
25,Jonathan Ibarra,matthewdickson@yahoo.com,001-204-147-9189x547,2025-04-15
26,Vicki Mckenzie,beckerstephanie@gmail.com,491-756-3498,2024-12-16
27,Amanda Mays,michaelwilliams@martinez.org,685-227-9588,2023-09-11
28,Jason Thomas,douglas50@fernandez.com,005-758-1721,2024-06-02
29,William Watkins,atorres@gmail.com,+1-264-083-6588x0258,2023-11-27
30,Melinda Roberts,patrick44@yahoo.com,8769194260,2024-04-25
31,Diane Baker,adam70@higgins.net,+1-220-226-5538,2025-06-02
32,Tyler Price,fbutler@long.info,001-465-674-2928x2068,2023-09-11
33,Kimberly Hester,mitchellcynthia@yahoo.com,(604)221-7411x35536,2024-07-26
34,Steven Kim,cschmidt@hotmail.com,001-163-339-8377,2025-08-04
35,Ashlee Jackson,lopezcatherine@yahoo.com,944.223.8312,2023-09-06
36,Phillip Gallagher,vjordan@yahoo.com,709-872-0570,2023-09-09
37,Timothy Clark,sharonramirez@gmail.com,+1-189-614-2609x81941,2024-06-02
38,Cathy Rogers,alexander22@hotmail.com,6650775859,2024-08-01
39,Hannah Mccoy,kevin69@ramos.com,(082)401-2692x83081,2024-06-30
40,Charles Rodriguez DVM,tholmes@olson-garcia.biz,001-144-433-4682x54207,2025-08-03
41,Holly Barron,amandanicholson@gmail.com,+1-389-295-6616x631,2024-02-03
42,Peter Rivera,armstrongmeghan@johnston-reed.biz,373-662-3443x0438,2025-01-01
43,Rebecca Bernard,mgarcia@castillo.com,(779)579-1441,2025-03-01
44,John Guzman,melissa02@sherman.org,329.850.4131x4346,2024-01-17
45,Dustin Davis,luishall@kirby.com,587-425-2234,2024-12-05
46,Sharon Pace,william00@gmail.com,001-040-289-6926,2025-03-02
47,Patricia Sullivan,kara47@williamson.net,(759)488-6432x7954,2024-06-15
48,Joshua Barry,timothycooper@hotmail.com,901.887.2193x79540,2024-01-11
49,Nicholas Quinn,jodi41@gmail.com,(069)159-5318x6545,2025-06-16
50,Rebecca Oconnor,averycorey@wood.org,+1-073-370-2990x8248,2023-08-21
51,Zachary Ortiz,rickeygardner@yahoo.com,+1-608-984-8890x3945,2024-06-03
52,Kathleen Hudson,david33@yahoo.com,833.077.9821,2025-02-01
53,Joseph Castillo,qmay@wilcox.org,814-465-7729,2024-10-09
54,Timothy Delacruz,eromero@gmail.com,001-482-788-1241x99347,2024-11-30
55,Matthew Ochoa,kayla30@yahoo.com,771-706-9805x937,2024-04-28
56,Danielle Ortiz,shawn79@hotmail.com,(751)123-4627x064,2024-11-15
57,Barbara Adams,davidconrad@hotmail.com,935-920-6027,2024-07-18
58,Kenneth Flowers,megan16@rosales.net,+1-842-893-2074x6884,2023-11-13
59,Timothy Cordova DDS,dawnmiller@boyer-barnett.com,0655843029,2023-12-16
60,Eric Diaz,matthewgoodwin@medina.org,(693)938-3028,2024-08-07
61,Tiffany Ward,joshuamcdonald@yahoo.com,+1-522-659-8183x48046,2023-08-15
62,Teresa Archer,rodriguezgreg@moreno.com,(341)633-6780,2024-03-04
63,Billy Barker,brianboyd@gmail.com,(987)109-6632x41801,2023-09-14
64,David Christensen,bpatterson@thomas.com,001-271-299-7003,2023-11-20
65,Bryan Montoya,brewerjoshua@hotmail.com,001-043-895-5813x2822,2024-08-18
66,Kristi Jones,bobbytucker@odonnell.biz,(794)253-2680x42049,2024-09-01
67,Trevor Jones,sshields@yahoo.com,751.360.8900,2024-12-12
68,Todd Vargas,elizabeth96@hotmail.com,(982)400-5321x215,2025-05-25
69,James Graham,timothy21@brady.com,923-626-1843,2024-04-20
70,Norma Mcdowell,mcneiljose@hotmail.com,605-635-8057x013,2024-06-13
71,Crystal Oliver,aprilwilliams@hotmail.com,+1-712-429-1255,2024-06-18
72,Jack Cole Jr.,davidcarter@hotmail.com,001-509-509-8657x160,2024-03-28
73,Ronald Davis,matthew98@hotmail.com,(649)130-1672,2024-09-16
74,Patricia Fleming,elizabeth15@yahoo.com,504.285.3811x931,2023-09-18
75,Jennifer Wilson,patrickhenson@hotmail.com,(441)980-1662x904,2025-04-02
76,Jennifer Allen,umorton@evans.com,+1-697-689-3609,2025-07-14
77,Joshua Glass,zbryant@woodard.biz,(076)446-8474x66856,2023-08-31
78,Jessica Yang,lisaspears@hotmail.com,001-444-183-6818,2024-09-29
79,Wanda Martinez,laurafarrell@snyder.com,(207)543-0691x5334,2025-06-15
80,Andrew Miller,brian73@castaneda.com,+1-133-745-8916x135,2023-09-12
81,David Herrera,karinawagner@morris.info,001-854-044-3498x7997,2024-02-07
82,Vicki Walker,jharding@gmail.com,+1-191-215-4461x478,2024-09-11
83,Desiree Zimmerman,ramirezvictoria@cross.biz,604.230.1517x4695,2025-06-25
84,Kim Smith,zcoleman@hotmail.com,(914)784-8723,2024-02-05
85,Donald Dean,jfoster@hotmail.com,7080617733,2024-07-25
86,Christine Good,claytonweber@smith.info,457-283-3136x44152,2023-10-03
87,Lisa Molina,lchase@brown.com,046-738-4087x875,2025-01-02
88,Diane Mendez,andreamejia@yahoo.com,001-583-358-8866x70730,2024-10-06
89,Juan Murillo,matthew84@hotmail.com,(926)767-2434,2025-03-06
90,John Arnold,brittanyramirez@johnston-hale.net,199-259-3978,2025-03-22
91,Eric Walls,garyshaw@yahoo.com,454-439-6647,2025-08-05
92,David Brown,slarson@yahoo.com,001-377-303-0433x5037,2024-05-28
93,Douglas Palmer,whitenicholas@kennedy.com,(710)453-3513,2023-09-04
94,Deborah Potter,reginaldhebert@yahoo.com,232-489-3806,2023-11-28
95,Michael Fox,bakercraig@gmail.com,397-007-5228,2023-10-18
96,Melissa Rojas,janet79@yahoo.com,318-755-5747x062,2024-10-29
97,Christine Cook,colonmichael@yahoo.com,+1-506-939-8104x873,2024-01-31
98,Jessica Harper,travisbennett@avery.com,+1-797-536-0187x4120,2024-02-09
99,Danielle Riggs,nathanhunter@yahoo.com,846.429.4169x141,2024-08-29
100,Kimberly Mata,dwalker@fletcher-williams.com,001-989-019-0244,2024-12-04
101,Brittany Cole,barry25@greer.biz,+1-987-072-1892x11392,2024-08-08
102,Veronica Velasquez DVM,jared62@erickson.com,001-808-596-4545x143,2024-05-11
103,Amy White,jenniferhayes@lopez.com,+1-017-898-7932,2024-06-04
104,Natalie Edwards,gmonroe@hotmail.com,283.842.3787x686,2024-08-24
105,Heather Castro,huntbrenda@hall-hayes.com,4110894520,2024-09-03
106,Abigail Perkins,jonathanharris@ramirez.com,(681)108-2659,2024-10-18
107,Aimee Owens,holly17@diaz-mckee.net,001-350-973-0123x072,2024-08-06
108,Cynthia Warren,fayala@ortega.com,357.180.1955x3796,2025-06-07
109,Brian Pierce,timothy75@gmail.com,+1-650-007-2825x9099,2024-09-07
110,Tiffany Flores,jeffrey66@fowler-thomas.net,332.651.2366,2023-12-13
111,Paul Gonzalez,cruzamanda@leblanc-clark.biz,(799)984-8350x91252,2025-01-30
112,Miss Emily Vega MD,jonathanwilliams@yahoo.com,1175694979,2025-04-27
113,Tony Young,rflores@wright.com,(697)306-3523,2025-02-09
114,Diane Wilson,bennettmichael@davis-collins.net,+1-819-945-4709x933,2024-08-24
115,David Young,michael54@yahoo.com,683.383.1192,2024-10-10
116,Sarah Rivas,arichardson@barajas.net,860.159.2523,2025-06-12
117,Laura Jimenez,heather85@wright.com,001-469-091-1892x006,2025-04-19
118,Jim Reyes,franklincarlos@clark-torres.com,814.740.3320x64618,2024-11-20
119,Mark Jefferson,littleronald@yahoo.com,561-726-7544,2025-07-24
120,Kathy Skinner,hortonmichael@manning.com,001-765-194-2910x31919,2024-07-22
121,Mrs. Andrea Townsend,kmassey@haynes.biz,(951)905-4951x177,2025-04-25
122,Kristine Anthony,noah21@yahoo.com,(913)408-9346,2024-06-18
123,Peter Sandoval,nathan16@bowman.com,607.696.8427x857,2024-02-26
124,Yvonne Collins,herrerajody@gmail.com,001-183-057-2197x2585,2024-08-09
125,John Richardson,william67@gmail.com,741.392.2227x27979,2024-02-21
126,Michael Rose MD,bryan81@sellers.biz,065.557.7442,2024-07-16
127,Sean Hoffman,owensmelissa@yahoo.com,001-634-937-5868x9294,2024-11-11
128,Jason Martinez,jenkinsrobert@miller.com,+1-212-440-1034,2023-09-21
129,Kara Hicks,reedlisa@hotmail.com,852.817.7955,2023-08-28
130,Katherine Orozco,adavis@pearson.com,343-828-2065x6952,2024-04-08
131,Michael Wallace MD,bryan47@wiley-ferguson.org,783-408-1584x6544,2023-08-31
132,Lisa Reyes,jasmine02@hotmail.com,(586)535-0126x3205,2023-10-27
133,Dominique Brown,estradaalyssa@johnson.com,265.020.9961,2023-11-21
134,Kathleen Fisher,bfrazier@murphy-sawyer.com,+1-710-131-6194x769,2024-05-02
135,Amber Holder,dawn51@yahoo.com,+1-514-604-0280x9335,2024-04-01
136,Sabrina Campos,brentfischer@gmail.com,(573)033-0910x83905,2024-04-02
137,Holly Kline,jward@davis.com,(706)521-5608x441,2024-06-05
138,Kelly Jones,caitlinphillips@cruz-simmons.com,001-229-697-8156,2023-10-30
139,Mary Suarez,dylanthompson@gmail.com,+1-118-978-2027x55642,2024-05-11
140,Linda Beasley,ujones@greene-stephenson.net,737.517.9054x7244,2024-07-05
141,Heather Lewis,alanferguson@gmail.com,899.930.5164x61793,2024-06-25
142,Jordan Herrera,nkrueger@navarro.net,001-527-883-0018,2023-10-04
143,Isabella Duran,anne73@hotmail.com,383-135-0817,2025-01-19
144,Desiree Anderson,nowens@morton-harrison.org,001-407-538-3318,2024-01-11
145,Betty Gutierrez,michael79@hotmail.com,001-454-915-2235,2025-05-30
146,Miranda Daniels,johnsonnicholas@hotmail.com,308.756.4692x09547,2025-05-24
147,Benjamin Hudson,deanna25@greene.biz,499-330-2727,2025-03-26
148,Alexandra Brown,jeremiahlarsen@ho.biz,(364)106-2602,2024-05-04
149,Joyce Powell,ulopez@washington.com,981.595.3820x469,2023-11-15
150,Michael Kemp,jhuynh@gmail.com,(930)440-3556,2025-05-02
151,Sara Fowler,rcollins@hotmail.com,+1-264-109-3083x14123,2024-05-23
152,Elizabeth Ponce,brianfrazier@gmail.com,(316)403-6810x6069,2024-08-24
153,Sharon Parker,arthur91@gibson-morgan.com,275-746-3660x020,2024-08-07
154,Molly Torres,normansonya@li.com,001-820-446-9935,2025-08-02
155,Anne Cohen,bateschristopher@hotmail.com,688-390-4221,2025-03-30
156,Samantha Morrison,meganglover@arnold.net,+1-977-638-9388x1559,2025-01-13
157,Alicia Ruiz,ogriffith@bass-peck.info,(017)795-2500,2024-07-01
158,Sara Wood,jacob37@bowers-case.com,(154)770-0244x0902,2024-09-07
159,Rickey Bonilla,gwood@brandt.com,(577)358-5552x7412,2023-09-20
160,Amy Marshall,christopherwolf@hotmail.com,683-476-7575x29870,2023-09-22
161,Jared Porter,isabel08@lopez.com,(288)677-2828,2024-03-25
162,Caroline Thomas,karenwagner@cross.net,(565)943-7672x84847,2025-08-01
163,Jacob Hill,chambersdylan@holloway.com,(222)543-6433x22102,2024-08-10
164,Jeremiah Thomas,rwilliams@yahoo.com,131-633-5744x61893,2024-07-13
165,James Hancock,thomas75@smith-zimmerman.biz,+1-621-688-4726x5540,2024-04-21
166,Sheena Coleman,christopher87@smith-morgan.com,+1-336-938-8206x72224,2025-04-09
167,Lisa Casey,jonathanpadilla@hotmail.com,2663900885,2024-10-23
168,Edward Boyd,gonzalezsean@gmail.com,296.877.2604,2025-03-24
169,Christian Jones,cookdiana@hotmail.com,037.087.1723x2460,2024-11-14
170,Hunter Wilson,tgallagher@gmail.com,706-899-0755,2025-02-23
171,Jeffrey Holt,valerie55@gmail.com,145-576-9619,2024-01-03
172,Erin Smith,robinsonregina@hotmail.com,069.464.3942x4437,2025-01-28
173,William Jefferson,timothy36@rivera-lowe.net,675.071.3100,2024-03-24
174,Joy Walker,connie18@yahoo.com,023-328-9076x3232,2023-08-21
175,Steven White,collinslouis@walker.net,179-196-4865x34466,2024-01-31
176,Michele Werner,jamesramirez@yahoo.com,+1-385-503-3900,2025-02-28
177,Christopher Murphy,jennifer74@yahoo.com,927-087-0090x590,2024-05-07
178,Kristin Rogers,justin79@gmail.com,+1-498-563-7413x441,2024-08-11
179,Mark Taylor,wcontreras@roberts-hernandez.org,643.034.3085x71855,2024-10-05
180,Shelley Brown,jonathanmills@gmail.com,813-952-0789,2023-12-27
181,Daniel Freeman,rebecca57@hotmail.com,(960)209-0446x412,2023-11-20
182,John Tucker,lynnbishop@smith.org,001-395-974-8637,2023-10-04
183,Tony Brown,johnsonjasmine@henderson.com,+1-231-938-3640x471,2024-08-27
184,Jillian Hatfield,mackenzie81@keller.com,(823)968-7565x92602,2024-08-03
185,Joseph Munoz,melissajones@stevens.info,845-714-3582,2024-01-28
186,Anthony Gonzalez,fmorrison@yahoo.com,5934235055,2024-09-04
187,Morgan Castillo,jeffrey23@mason.com,001-589-282-9077x66130,2024-12-23
188,Henry Schmidt,connorsimmons@chase-thompson.info,595-136-3587x950,2024-10-06
189,Gregory Williams,bsnyder@adams.com,010.987.2673,2023-09-03
190,Sarah Jones,maystyler@anderson.com,(282)720-7476,2024-10-22
191,Kevin Bryant,joseph44@hotmail.com,+1-584-265-3076x2111,2023-09-26
192,Samantha Richardson,diana68@fowler.com,601.000.5795,2023-12-02
193,James Jefferson,lboyle@campbell.com,796.496.1127x01238,2024-06-11
194,Jennifer Briggs,mooreamanda@hotmail.com,882-834-4000,2024-05-16
195,Denise Johnson,barbaraberg@contreras.biz,+1-079-001-3318x49666,2024-05-18
196,Jill Reid,jennifer81@yahoo.com,(837)668-2957x45733,2024-09-16
197,Dustin Chambers,kerri03@yahoo.com,001-101-641-8057x188,2024-10-06
198,Carl Spencer,jennifer65@herrera.com,065-781-7075x154,2024-08-16
199,Kendra Thomas,gonzalezsydney@gmail.com,606-363-0321,2025-04-28
200,William Ferguson,gomezkristy@williams.biz,6442916589,2023-12-27
